episode,time,total_flows,successful_flows,dropped_flows,in_network_flows,avg_end2end_delay
1,0,5,0,0,5,0
1,100,49,37,0,12,26.2972972972973
1,200,79,71,0,8,26.450704225352112
1,300,122,112,0,10,26.330357142857142
1,400,174,164,0,10,26.835365853658537
1,500,217,200,0,17,26.74
1,600,257,239,0,18,26.98326359832636
1,700,305,290,0,15,26.99310344827586
1,800,333,323,0,10,27.1671826625387
1,900,384,372,0,12,27.311827956989248
1,1000,413,406,0,7,27.182266009852217
1,1100,456,442,0,14,27.30316742081448
1,1200,503,493,0,10,27.227180527383368
1,1300,540,530,0,10,27.250943396226415
1,1400,589,577,0,12,27.341421143847487
1,1500,616,605,0,11,27.355371900826448
1,1600,664,655,2,7,27.348091603053437
1,1700,714,697,2,15,27.32855093256815
1,1800,756,741,2,13,27.251012145748987
1,1900,797,787,2,8,27.257941550190598
1,2000,839,827,2,10,27.223700120918984
1,2100,892,878,2,12,27.158314350797266
1,2200,935,920,2,13,27.170652173913044
1,2300,975,964,2,9,27.192946058091287
1,2400,1011,994,2,15,27.151911468812877
1,2500,1060,1041,2,17,27.14505283381364
1,2600,1105,1095,2,8,27.099543378995435
1,2700,1149,1136,2,11,27.080105633802816
1,2800,1200,1190,2,8,27.044537815126052
1,2900,1230,1222,2,6,27.03355155482815
1,3000,1286,1272,2,12,27.031446540880502
1,3100,1335,1318,2,15,27.041729893778452
1,3200,1389,1372,2,15,27.026239067055393
1,3300,1447,1429,2,16,27.064380685794262
1,3400,1497,1480,2,15,27.105405405405406
1,3500,1553,1535,2,16,27.115960912052117
1,3600,1621,1603,2,16,27.08671241422333
1,3700,1671,1651,2,18,27.09206541490006
1,3800,1732,1708,2,22,27.107728337236534
1,3900,1782,1767,2,13,27.108092812676855
1,4000,1825,1812,2,11,27.141280353200884
1,4100,1881,1867,2,12,27.13872522763792
1,4200,1931,1913,2,16,27.16048092002091
1,4300,1993,1973,2,18,27.157121135326914
1,4400,2055,2041,2,12,27.189122978931895
1,4500,2108,2093,2,13,27.154323936932634
1,4600,2153,2140,2,11,27.162616822429907
1,4700,2209,2185,2,22,27.150572082379863
1,4800,2263,2246,3,14,27.10418521816563
1,4900,2317,2303,3,11,27.095961788970907
1,5000,2370,2351,3,16,27.08762228838792
1,5100,2430,2407,3,20,27.075612796011633
1,5200,2483,2466,3,14,27.080697485806976
1,5300,2547,2528,3,16,27.0751582278481
1,5400,2597,2577,3,17,27.082654249126893
1,5500,2655,2638,5,12,27.067854435178166
1,5600,2714,2689,6,19,27.083302342878394
1,5700,2764,2739,6,19,27.100036509675064
1,5800,2806,2787,6,13,27.088625762468606
1,5900,2856,2839,6,11,27.091229306093695
1,6000,2912,2891,6,15,27.090280179868557
1,6100,2945,2929,6,10,27.082280641857288
1,6200,2977,2962,6,9,27.083051991897367
1,6300,3018,2998,6,14,27.069046030687126
1,6400,3057,3038,6,13,27.079986833443055
1,6500,3099,3078,6,15,27.080571799870047
1,6600,3134,3119,6,9,27.076306508496312
1,6700,3179,3159,6,14,27.0664767331434
1,6800,3218,3204,6,8,27.06023720349563
1,6900,3258,3236,6,16,27.05902348578492
1,7000,3299,3282,6,11,27.068251066422913
1,7100,3344,3329,6,9,27.08801441874437
1,7200,3402,3380,6,16,27.097633136094675
1,7300,3443,3421,6,16,27.094124524992694
1,7400,3488,3469,6,13,27.091380801383686
1,7500,3546,3524,6,16,27.06328036322361
1,7600,3605,3581,6,18,27.063110862887463
1,7700,3660,3638,6,16,27.059923034634416
1,7800,3715,3694,6,15,27.063345966432053
1,7900,3766,3745,6,15,27.068624833110814
1,8000,3815,3794,6,15,27.0611491829204
1,8100,3877,3854,6,17,27.05059678256357
1,8200,3920,3906,6,8,27.06784434203789
1,8300,3978,3951,6,21,27.067577828397873
1,8400,4032,4011,6,15,27.071802543006733
1,8500,4079,4063,6,10,27.095742062515384
1,8600,4126,4107,6,13,27.113951789627464
1,8700,4190,4168,6,16,27.13291746641075
1,8800,4244,4222,6,16,27.151586925627665
1,8900,4299,4284,6,9,27.168067226890756
1,9000,4355,4334,6,15,27.15851407475773
1,9100,4413,4388,6,19,27.168641750227895
1,9200,4453,4435,6,12,27.17316798196167
1,9300,4495,4475,6,14,27.193519553072626
1,9400,4554,4536,6,12,27.20789241622575
1,9500,4596,4576,6,14,27.20388986013986
1,9600,4654,4636,6,12,27.197152717860224
1,9700,4704,4685,6,13,27.18847385272145
1,9800,4744,4731,6,7,27.18008877615726
1,9900,4800,4778,7,15,27.17287568020092
1,10000,4854,4836,7,11,27.15818858560794
1,10100,4904,4879,7,18,27.148800983808158
1,10200,4959,4934,7,18,27.160518848804216
1,10300,5011,4987,7,17,27.161620212552638
1,10400,5053,5035,7,11,27.158887785501488
1,10500,5103,5084,7,12,27.152439024390244
1,10600,5163,5140,7,16,27.16147859922179
1,10700,5223,5199,7,17,27.15502981342566
1,10800,5271,5249,7,15,27.161364069346543
1,10900,5329,5308,7,14,27.157309721175583
1,11000,5378,5359,7,12,27.160850905019593
1,11100,5437,5421,8,8,27.175244419848735
1,11200,5488,5472,8,8,27.17269736842105
1,11300,5527,5509,8,10,27.165365765111634
1,11400,5576,5556,8,12,27.164686825053995
1,11500,5632,5612,8,12,27.16535994297933
1,11600,5668,5652,8,8,27.163305024769993
1,11700,5723,5696,8,19,27.1592345505618
1,11800,5783,5761,8,14,27.149279638951572
1,11900,5837,5817,8,12,27.146639161079595
1,12000,5896,5873,8,15,27.139281457517452
1,12100,5936,5918,8,10,27.135349780331193
1,12200,5999,5976,8,15,27.129852744310575
1,12300,6053,6033,8,12,27.11685728493287
1,12400,6112,6089,8,15,27.113647561175892
1,12500,6170,6148,8,14,27.1023096942095
1,12600,6216,6196,8,12,27.10167850225952
1,12700,6279,6254,9,16,27.104413175567636
1,12800,6339,6315,9,15,27.102137767220903
1,12900,6391,6365,9,17,27.085624509033778
1,13000,6453,6423,9,21,27.089677720691267
1,13100,6502,6479,9,14,27.08921129803982
1,13200,6566,6541,11,14,27.089588747897874
1,13300,6606,6585,11,10,27.08640850417616
1,13400,6664,6634,11,19,27.084564365390413
1,13500,6717,6693,11,13,27.087703570894966
1,13600,6778,6745,11,22,27.086434395848777
1,13700,6833,6805,11,17,27.084643644379135
1,13800,6891,6861,13,17,27.09692464655298
1,13900,6957,6926,13,18,27.092694195784002
1,14000,7026,6993,13,20,27.09023309023309
1,14100,7079,7053,13,13,27.105487026797107
1,14200,7147,7115,13,19,27.10808151791989
1,14300,7207,7174,13,20,27.11290772233064
1,14400,7261,7231,13,17,27.10676255013138
1,14500,7320,7293,13,14,27.107363225010285
1,14600,7377,7347,13,17,27.10112971280795
1,14700,7435,7412,13,10,27.099028602266596
1,14800,7488,7463,13,12,27.10585555406673
1,14900,7542,7513,13,16,27.107413816052176
1,15000,7591,7565,13,13,27.111169861202907
1,15100,7643,7619,13,11,27.107231920199503
1,15200,7694,7670,13,11,27.116558018252935
1,15300,7741,7712,13,16,27.117997925311204
1,15400,7798,7763,13,22,27.121216024732707
1,15500,7853,7827,13,13,27.127507346365146
1,15600,7894,7872,13,9,27.135416666666668
1,15700,7944,7915,13,16,27.127858496525583
1,15800,8000,7964,13,23,27.130210949271724
1,15900,8044,8022,13,9,27.12665170780354
1,16000,8090,8064,13,13,27.125
1,16100,8133,8102,13,18,27.126141693409036
1,16200,8169,8146,13,10,27.132703167198624
1,16300,8219,8192,13,14,27.1314697265625
1,16400,8256,8236,13,7,27.133317144244778
1,16500,8297,8266,13,18,27.13755141543673
1,16600,8347,8324,13,10,27.138635271504086
1,16700,8389,8361,13,15,27.139217796914245
1,16800,8422,8400,13,9,27.138928571428572
1,16900,8457,8436,13,8,27.136083451872924
1,17000,8516,8486,13,17,27.138463351402308
1,17100,8578,8551,13,14,27.13273301368261
1,17200,8634,8603,13,18,27.128559804719284
1,17300,8683,8655,13,15,27.129058347775853
1,17400,8736,8710,13,13,27.125947187141218
1,17500,8780,8753,13,14,27.13469667542557
1,17600,8818,8800,13,5,27.13590909090909
1,17700,8869,8841,13,15,27.136749236511708
1,17800,8920,8889,13,18,27.14264821689729
1,17900,8969,8939,14,16,27.139836670768542
1,18000,9018,8991,14,13,27.141697252808363
1,18100,9071,9039,14,18,27.140944794778182
1,18200,9121,9093,14,14,27.147036181678214
1,18300,9197,9158,15,24,27.15068792312732
1,18400,9262,9228,17,17,27.156263545730386
1,18500,9317,9292,17,8,27.165949203616012
1,18600,9379,9343,17,19,27.170930108102322
1,18700,9431,9400,17,14,27.16851063829787
1,18800,9482,9452,17,13,27.16409225560728
1,18900,9537,9508,17,12,27.159129154396297
1,19000,9583,9553,17,13,27.158902962420182
1,19100,9629,9601,17,11,27.159254244349547
1,19200,9678,9650,17,11,27.156683937823836
1,19300,9736,9702,17,17,27.152339723768296
1,19400,9784,9758,17,9,27.156179544988728
1,19500,9833,9805,17,11,27.167567567567566
1,19600,9884,9850,17,17,27.16934010152284
1,19700,9922,9898,17,7,27.174984845423317
1,19800,9965,9936,17,12,27.167874396135264
1,19900,10005,9975,17,13,27.160401002506266
1,20000,10052,10022,17,13,27.159848333665934
1,20100,10092,10063,17,12,27.159892676140316
1,20200,10145,10118,17,10,27.159814192528167
1,20300,10203,10169,17,17,27.154784147900482
1,20400,10251,10220,17,14,27.16252446183953
1,20500,10305,10274,17,14,27.166342223087405
1,20600,10353,10326,17,10,27.17102459810188
1,20700,10397,10368,17,12,27.167631172839506
1,20800,10442,10411,17,14,27.175775621938335
1,20900,10487,10451,17,19,27.17472012247632
1,21000,10521,10498,17,6,27.17860544865689
1,21100,10566,10539,17,10,27.18085207325173
1,21200,10604,10578,17,9,27.182737757610134
1,21300,10654,10627,17,10,27.18500047049967
1,21400,10707,10672,17,18,27.182533733133432
1,21500,10759,10728,17,14,27.18092841163311
1,21600,10812,10776,17,19,27.176967334818116
1,21700,10868,10835,17,16,27.1798800184587
1,21800,10926,10886,17,23,27.180047767775125
1,21900,10976,10946,19,11,27.183263292526952
1,22000,11024,10992,20,12,27.1875
1,22100,11070,11031,20,19,27.193182848336505
1,22200,11119,11084,20,15,27.200018044027427
1,22300,11160,11128,20,12,27.199946081955428
1,22400,11207,11172,20,15,27.196473326172573
1,22500,11254,11218,20,16,27.196737386343376
1,22600,11307,11268,20,19,27.201189208377706
1,22700,11368,11331,20,17,27.202629953225664
1,22800,11418,11376,20,22,27.210706751054854
1,22900,11466,11431,20,15,27.21835359986003
1,23000,11526,11488,20,18,27.227106545961004
1,23100,11572,11541,20,11,27.228056494237933
1,23200,11627,11595,20,12,27.22984044846917
1,23300,11696,11660,20,16,27.230789022298456
1,23400,11744,11709,20,15,27.231189683149715
1,23500,11809,11770,20,19,27.226168224299066
1,23600,11857,11821,20,16,27.228999238643095
1,23700,11929,11882,21,26,27.226645345901364
1,23800,11990,11956,21,13,27.22465707594513
1,23900,12052,12012,21,19,27.22019647019647
1,24000,12102,12069,21,12,27.217830806197696
1,24100,12156,12117,21,18,27.216225138235536
1,24200,12205,12166,21,18,27.21436791057044
1,24300,12269,12230,21,18,27.210711365494685
1,24400,12334,12296,23,15,27.21023096942095
1,24500,12389,12351,23,15,27.215529106954904
1,24600,12445,12405,23,17,27.217815397017333
1,24700,12494,12457,23,14,27.218431404029864
1,24800,12545,12505,23,17,27.2234306277489
1,24900,12617,12575,25,17,27.228707753479124
1,25000,12679,12634,25,20,27.232230489156244
1,25100,12734,12695,25,14,27.229302875147695
1,25200,12785,12750,25,10,27.23349019607843
1,25300,12837,12797,25,15,27.238415253575056
1,25400,12892,12847,25,20,27.241924184634545
1,25500,12950,12916,25,9,27.240631774543203
1,25600,13005,12969,25,11,27.23903153674146
1,25700,13053,13015,25,13,27.23764886669228
1,25800,13095,13065,25,5,27.230692690394182
1,25900,13138,13100,25,13,27.230458015267175
1,26000,13202,13157,25,20,27.229687618758074
1,26100,13250,13209,25,16,27.23385570444394
1,26200,13304,13261,25,18,27.23489932885906
1,26300,13354,13318,25,11,27.23975071332032
1,26400,13407,13368,25,14,27.24730700179533
1,26500,13466,13428,25,13,27.247765862377122
1,26600,13526,13486,25,15,27.244994809432004
1,26700,13593,13554,26,13,27.24457724656928
1,26800,13657,13610,27,20,27.244966936076416
1,26900,13719,13679,27,13,27.248117552452666
1,27000,13783,13734,27,22,27.25171108198631
1,27100,13842,13798,27,17,27.25351500217423
1,27200,13911,13861,27,23,27.25265132385831
1,27300,13968,13921,27,20,27.25924861719704
1,27400,14020,13981,28,11,27.260782490522853
1,27500,14064,14020,28,16,27.2660485021398
1,27600,14119,14073,28,18,27.265472891352236
1,27700,14189,14143,28,18,27.271441702609064
1,27800,14240,14197,29,14,27.27731210819187
1,27900,14282,14241,29,12,27.276174425953233
1,28000,14336,14297,29,10,27.278869692942575
1,28100,14409,14362,29,18,27.278512741957943
1,28200,14468,14418,29,21,27.281661811624357
1,28300,14517,14470,29,18,27.283621285418107
1,28400,14561,14525,29,7,27.289018932874356
1,28500,14618,14578,29,11,27.29078062834408
1,28600,14676,14632,29,15,27.293261344997266
1,28700,14739,14688,29,22,27.29057734204793
1,28800,14797,14752,29,16,27.294739696312366
1,28900,14860,14809,29,22,27.297454250793436
1,29000,14918,14873,29,16,27.304982182478316
1,29100,14978,14929,29,20,27.3026994440351
1,29200,15032,14984,29,19,27.30692738921516
1,29300,15088,15045,29,14,27.311598537720172
1,29400,15149,15105,29,15,27.309632571996026
1,29500,15209,15168,29,12,27.30643459915612
1,29600,15255,15219,29,7,27.306853275510875
1,29700,15311,15270,29,12,27.312573673870332
1,29800,15375,15330,29,16,27.31239399869537
1,29900,15418,15378,29,11,27.309468071270647
1,30000,15471,15428,29,14,27.307168784029038
1,30100,15513,15473,29,11,27.308214308795968
1,30200,15566,15524,29,13,27.307523834063385
1,30300,15613,15571,29,13,27.31006357973155
1,30400,15665,15621,29,15,27.3060623519621
1,30500,15733,15686,29,18,27.30581410174678
1,30600,15797,15748,29,20,27.309245618491236
1,30700,15859,15814,29,16,27.310547616036423
1,30800,15903,15862,29,12,27.318433993191274
1,30900,15955,15912,29,14,27.32176973353444
1,31000,16007,15971,29,7,27.32108196105441
1,31100,16053,16011,29,13,27.318468552869902
1,31200,16105,16064,29,12,27.320530378486055
1,31300,16157,16119,29,9,27.318382033624914
1,31400,16210,16161,29,20,27.318173380360125
1,31500,16256,16209,29,18,27.31877352088346
1,31600,16306,16261,29,16,27.316831683168317
1,31700,16345,16308,29,8,27.314753495217072
1,31800,16395,16349,29,17,27.315187473239952
1,31900,16442,16403,29,10,27.314393708467964
1,32000,16487,16445,29,13,27.31292186074795
1,32100,16546,16498,29,19,27.312098436174082
1,32200,16602,16554,29,19,27.306874471426845
1,32300,16656,16613,29,14,27.305363269728527
1,32400,16697,16655,29,13,27.301471029720805
1,32500,16759,16716,29,14,27.295345776501556
1,32600,16816,16772,29,15,27.295134748390176
1,32700,16876,16832,29,15,27.292359790874524
1,32800,16927,16884,29,14,27.293591565979625
1,32900,16974,16935,29,10,27.291644523176853
1,33000,17014,16973,29,12,27.28928297884876
1,33100,17063,17021,29,13,27.289407202867046
1,33200,17121,17075,29,17,27.28749633967789
1,33300,17166,17121,29,16,27.2856725658548
1,33400,17227,17182,29,16,27.282621347922245
1,33500,17273,17231,29,13,27.28199175903894
1,33600,17331,17291,29,11,27.278757735237985
1,33700,17395,17347,29,19,27.27641667147057
1,33800,17455,17413,29,13,27.279848389134553
1,33900,17514,17463,29,22,27.279734295367348
1,34000,17564,17521,29,14,27.28012099765995
1,34100,17605,17567,29,9,27.27688279159788
1,34200,17654,17612,29,13,27.275096525096526
1,34300,17712,17665,29,18,27.274497594112653
1,34400,17761,17723,31,7,27.27625119900694
1,34500,17810,17770,31,9,27.27450759707372
1,34600,17853,17812,31,10,27.271333932180553
1,34700,17910,17862,31,17,27.266767439256522
1,34800,17956,17912,31,13,27.265464493077268
1,34900,18022,17967,34,21,27.266432904769857
1,35000,18061,18012,36,13,27.269320453031312
1,35100,18104,18055,36,13,27.267183605649404
1,35200,18159,18100,36,23,27.268232044198896
1,35300,18204,18156,37,11,27.26492619519718
1,35400,18259,18209,37,13,27.263880498654512
1,35500,18303,18255,37,11,27.269405642289783
1,35600,18343,18294,37,12,27.27369629386684
1,35700,18384,18336,37,11,27.274541884816752
1,35800,18432,18384,37,11,27.27447780678851
1,35900,18484,18432,37,15,27.27826605902778
1,36000,18531,18482,37,12,27.278487176712478
1,36100,18597,18545,37,15,27.28099218118091
1,36200,18651,18597,37,17,27.28429316556434
1,36300,18704,18650,38,16,27.28466487935657
1,36400,18753,18703,38,12,27.28808212586216
1,36500,18799,18745,38,16,27.28951720458789
1,36600,18842,18789,38,15,27.291979349619456
1,36700,18880,18829,38,13,27.296245153752192
1,36800,18933,18878,38,17,27.297012395380868
1,36900,18982,18931,38,13,27.298346627225186
1,37000,19035,18982,39,14,27.298335264987884
1,37100,19075,19026,39,10,27.297592767791443
1,37200,19121,19063,39,19,27.297644651943557
1,37300,19159,19108,39,12,27.300711743772244
1,37400,19207,19150,39,18,27.301618798955612
1,37500,19251,19201,39,11,27.305557002239468
1,37600,19302,19248,39,15,27.30766832917706
1,37700,19342,19289,39,14,27.30836227901913
1,37800,19384,19332,39,13,27.30948686116284
1,37900,19422,19376,39,7,27.312241948802644
1,38000,19490,19426,40,24,27.311953052609905
1,38100,19530,19481,40,9,27.31297161336687
1,38200,19593,19541,40,12,27.318970369991302
1,38300,19640,19585,40,15,27.32141945366352
1,38400,19680,19629,40,11,27.323399052422435
1,38500,19725,19675,40,10,27.323710292249046
1,38600,19785,19730,40,15,27.321236695387736
1,38700,19838,19783,40,15,27.318000303290702
1,38800,19897,19844,41,12,27.317879459786333
1,38900,19952,19905,41,6,27.317407686510926
1,39000,19990,19936,41,13,27.317215088282506
1,39100,20050,19989,41,20,27.31627395067287
1,39200,20113,20061,42,10,27.31847864014755
1,39300,20161,20105,42,14,27.318030340711267
1,39400,20216,20162,42,12,27.317230433488742
1,39500,20264,20209,42,13,27.314513335642534
1,39600,20317,20259,42,16,27.314477516165656
1,39700,20377,20324,42,11,27.312832119661483
1,39800,20430,20370,42,18,27.31168384879725
1,39900,20484,20428,42,14,27.310407284119837
1,40000,20538,20481,42,15,27.307358039158245
1,40100,20590,20538,42,10,27.30747881974876
1,40200,20649,20597,42,10,27.30722920813711
1,40300,20701,20645,42,14,27.303463308307098
1,40400,20766,20703,42,21,27.303820702313676
1,40500,20828,20773,42,13,27.302219226881046
1,40600,20877,20824,42,11,27.302487514406454
1,40700,20941,20879,42,20,27.30202595909766
1,40800,20998,20942,42,14,27.305844713971922
1,40900,21062,21002,42,18,27.306827921150365
1,41000,21110,21057,42,11,27.307118772854633
1,41100,21168,21108,42,18,27.3068978586318
1,41200,21209,21154,42,13,27.307743216412973
1,41300,21262,21206,42,14,27.309487880788456
1,41400,21314,21259,42,13,27.311632720259656
1,41500,21373,21311,42,20,27.30772840317207
1,41600,21418,21365,42,11,27.308542007956937
1,41700,21478,21421,42,15,27.312357032818262
1,41800,21533,21474,42,17,27.313588525658936
1,41900,21579,21526,42,11,27.314085292204776
1,42000,21622,21567,42,13,27.31576018917791
1,42100,21668,21616,42,10,27.3189304219097
1,42200,21715,21659,42,14,27.320005540421995
1,42300,21771,21715,42,14,27.317798756619847
1,42400,21831,21769,42,20,27.31792916532684
1,42500,21875,21819,42,14,27.31770475273844
1,42600,21912,21865,42,5,27.31635033158015
1,42700,21969,21905,42,22,27.31517918283497
1,42800,22011,21957,42,12,27.315252539053606
1,42900,22060,22011,42,7,27.314251964926626
1,43000,22107,22054,43,10,27.313684592364197
1,43100,22152,22096,43,13,27.30987509051412
1,43200,22210,22150,43,17,27.309029345372462
1,43300,22270,22209,43,18,27.3114503129362
1,43400,22322,22269,43,10,27.30567156136333
1,43500,22363,22311,43,9,27.30446864775223
1,43600,22421,22366,43,12,27.302512742555663
1,43700,22468,22416,43,9,27.299250535331907
1,43800,22522,22467,43,12,27.298660257266214
1,43900,22562,22507,43,12,27.29586350913049
1,44000,22615,22558,43,14,27.29515027928008
1,44100,22662,22608,43,11,27.29281670205237
1,44200,22705,22646,43,16,27.294179987635786
1,44300,22751,22699,43,9,27.294946913960967
1,44400,22807,22750,43,14,27.290813186813185
1,44500,22856,22797,43,16,27.288941527393956
1,44600,22907,22851,43,13,27.287996148965036
1,44700,22968,22910,43,15,27.285377564382365
1,44800,23019,22965,43,11,27.284389288047027
1,44900,23064,23005,43,16,27.2817648337318
1,45000,23111,23052,43,16,27.284270345306265
1,45100,23164,23110,43,11,27.2845521419299
1,45200,23215,23158,43,14,27.28366007427239
1,45300,23252,23202,43,7,27.28355314197052
1,45400,23293,23244,43,6,27.282137325761486
1,45500,23343,23284,44,15,27.27989177117334
1,45600,23401,23343,44,14,27.278713104570965
1,45700,23458,23395,44,19,27.279119469972215
1,45800,23505,23445,44,16,27.278694817658348
1,45900,23557,23505,44,8,27.28040842373963
1,46000,23605,23548,44,13,27.27768812638016
1,46100,23649,23590,44,15,27.275582874099193
1,46200,23700,23646,44,10,27.277383066903493
1,46300,23761,23705,44,12,27.277662940307952
1,46400,23816,23759,44,13,27.277410665432047
1,46500,23870,23815,44,11,27.27847994961159
1,46600,23918,23854,45,19,27.280917246583382
1,46700,23964,23903,45,16,27.282642346149018
1,46800,24011,23956,45,10,27.283311070295543
1,46900,24058,24000,45,13,27.280708333333333
1,47000,24108,24049,45,14,27.278681026238097
1,47100,24159,24101,45,13,27.278453176216754
1,47200,24214,24160,45,9,27.28009105960265
1,47300,24252,24197,45,10,27.279704095549036
1,47400,24304,24245,45,14,27.281171375541348
1,47500,24355,24303,45,7,27.280706085668434
1,47600,24399,24342,45,12,27.27935255936242
1,47700,24442,24390,45,7,27.278679786797866
1,47800,24482,24430,45,7,27.27629963160049
1,47900,24527,24471,45,11,27.275142004822033
1,48000,24568,24511,45,12,27.2747337929909
1,48100,24613,24557,45,11,27.274626379443742
1,48200,24647,24590,45,12,27.273851159007727
1,48300,24691,24633,46,12,27.272764178135024
1,48400,24734,24680,47,7,27.27183954619125
1,48500,24788,24733,47,8,27.27291472930902
1,48600,24837,24775,47,15,27.272694248234107
1,48700,24883,24823,47,13,27.27003182532329
1,48800,24939,24870,47,22,27.269240048250904
1,48900,24988,24927,48,13,27.26810286035223
1,49000,25034,24977,48,9,27.267045682027465
1,49100,25095,25029,48,18,27.267649526549203
1,49200,25142,25078,48,16,27.2679639524683
1,49300,25196,25136,48,12,27.269971355824314
1,49400,25247,25187,48,12,27.26811450351372
1,49500,25301,25239,48,14,27.269146955109157
1,49600,25361,25290,50,21,27.26805061289047
1,49700,25419,25355,50,14,27.266535200157758
1,49800,25458,25394,50,14,27.267622272977867
1,49900,25507,25440,50,17,27.26611635220126
1,50000,25561,25502,50,9,27.265038036232454
1,50100,25613,25547,50,16,27.262927153873253
1,50200,25666,25604,50,12,27.263708795500705
1,50300,25724,25658,50,16,27.265609166731625
1,50400,25770,25709,50,11,27.264498813645027
1,50500,25824,25758,50,16,27.262636850687166
1,50600,25870,25805,50,15,27.258864561131563
1,50700,25928,25862,50,16,27.256863351635605
1,50800,25986,25922,51,13,27.254262788365097
1,50900,26046,25975,52,19,27.25077959576516
1,51000,26099,26028,52,19,27.25484094052559
1,51100,26146,26076,53,17,27.254103390090506
1,51200,26192,26130,53,9,27.252659778032914
1,51300,26237,26168,53,16,27.253171812901254
1,51400,26300,26231,53,16,27.25145819831497
1,51500,26344,26278,53,13,27.25142704924271
1,51600,26395,26329,53,13,27.248281362755897
1,51700,26447,26380,53,14,27.24821834723275
1,51800,26486,26418,53,15,27.247444923915513
1,51900,26533,26466,53,14,27.248809793697575
1,52000,26582,26518,53,11,27.247379138698243
1,52100,26626,26558,53,15,27.24561337450109
1,52200,26674,26607,53,14,27.24516104784455
1,52300,26715,26655,53,7,27.245207278184207
1,52400,26765,26695,53,17,27.24663794718112
1,52500,26802,26738,53,11,27.248709701548357
1,52600,26860,26788,54,18,27.249253397043454
1,52700,26903,26835,54,14,27.251537171604248
1,52800,26971,26904,54,13,27.24899643175736
1,52900,27031,26962,54,15,27.244974408426675
1,53000,27089,27024,54,11,27.243117229129663
1,53100,27149,27080,54,15,27.242282127031018
1,53200,27207,27138,54,15,27.241285282629523
1,53300,27258,27186,54,18,27.24045464577356
1,53400,27310,27239,54,17,27.23954623884871
1,53500,27378,27303,54,21,27.2354686298209
1,53600,27438,27367,54,17,27.233237110388423
1,53700,27501,27434,55,12,27.232485237296785
1,53800,27561,27487,56,18,27.23163677374759
1,53900,27621,27552,56,13,27.230582171893147
1,54000,27668,27595,56,17,27.22993295886936
1,54100,27711,27645,56,10,27.23121721830349
1,54200,27764,27693,57,14,27.230563680352436
1,54300,27824,27752,57,15,27.231118477947536
1,54400,27884,27812,57,15,27.234359269380125
1,54500,27951,27873,57,21,27.23187313887992
1,54600,28009,27935,57,17,27.23364954358332
1,54700,28056,27987,57,12,27.234215885947048
1,54800,28114,28038,57,19,27.236821456594623
1,54900,28163,28093,57,13,27.239597052646566
1,55000,28210,28140,57,13,27.240796019900497
1,55100,28266,28196,57,13,27.242729465172363
1,55200,28316,28241,57,18,27.24280301689034
1,55300,28373,28296,57,20,27.244910941475826
1,55400,28414,28346,57,11,27.244443660481195
1,55500,28462,28393,57,12,27.244039023703024
1,55600,28524,28451,57,16,27.242346490457276
1,55700,28585,28506,57,22,27.243703080053322
1,55800,28627,28560,57,10,27.245973389355743
1,55900,28672,28603,57,12,27.245114148865504
1,56000,28732,28655,57,20,27.243971383702668
1,56100,28787,28714,57,16,27.24709201086578
1,56200,28841,28769,57,15,27.24780145295283
1,56300,28909,28837,57,15,27.249193744148144
1,56400,28972,28896,57,19,27.249100221483943
1,56500,29019,28952,57,10,27.248514783089252
1,56600,29071,28995,57,19,27.245456113122952
1,56700,29133,29051,57,25,27.24415682764793
1,56800,29187,29110,57,20,27.245791824115425
1,56900,29248,29173,57,18,27.242792993521405
1,57000,29293,29225,57,11,27.24126603934987
1,57100,29346,29277,57,12,27.240188543908186
1,57200,29393,29324,57,12,27.239121538671395
1,57300,29445,29374,57,14,27.23595696874787
1,57400,29496,29428,57,11,27.234266684789997
1,57500,29545,29475,57,13,27.233316369804918
1,57600,29597,29524,57,16,27.232150115160547
1,57700,29630,29565,57,8,27.23115169964485
1,57800,29679,29612,57,10,27.230345805754425
1,57900,29713,29645,57,11,27.229785798616966
1,58000,29754,29685,57,12,27.228094997473473
1,58100,29808,29739,57,12,27.227613571404554
1,58200,29852,29785,57,10,27.22826926305187
1,58300,29897,29827,57,13,27.22754551245516
1,58400,29945,29871,57,17,27.226741655786547
1,58500,29982,29920,57,5,27.225233957219253
1,58600,30034,29967,57,10,27.224613741782626
1,58700,30083,30014,57,12,27.224095422136337
1,58800,30142,30069,57,16,27.223485982240845
1,58900,30191,30124,57,10,27.221451334484133
1,59000,30240,30172,57,11,27.221165318838658
1,59100,30286,30213,57,16,27.221394763843378
1,59200,30335,30268,57,10,27.222776529668298
1,59300,30392,30315,57,20,27.22160646544615
1,59400,30457,30386,57,14,27.222964523135655
1,59500,30514,30437,57,20,27.223740841738675
1,59600,30569,30499,57,13,27.222204006688745
1,59700,30619,30549,57,13,27.222331336541295
1,59800,30675,30603,57,15,27.221579583700944
1,59900,30724,30652,57,15,27.220833877071644
1,60000,30782,30711,57,14,27.218586174334927
1,60100,30845,30773,57,15,27.216488480161182
1,60200,30894,30827,57,10,27.21500632562364
1,60300,30955,30882,57,16,27.214040541415713
1,60400,30998,30927,57,14,27.214731464416207
1,60500,31061,30986,57,18,27.213612599238367
1,60600,31106,31033,57,16,27.215029162504432
1,60700,31163,31091,57,15,27.215110482133092
1,60800,31218,31145,57,16,27.21582918606518
1,60900,31272,31196,57,19,27.215668675471214
1,61000,31319,31248,57,14,27.217005888376857
1,61100,31378,31303,57,18,27.214963422036227
1,61200,31428,31355,57,16,27.215085313347153
1,61300,31482,31415,57,10,27.21400604806621
1,61400,31526,31463,57,6,27.21298032609732
1,61500,31570,31498,57,15,27.212934154549494
1,61600,31623,31550,57,16,27.211568938193345
1,61700,31680,31610,57,13,27.21043973426131
1,61800,31737,31664,57,16,27.21058615462355
1,61900,31794,31723,57,14,27.21060429341487
1,62000,31861,31788,58,15,27.21042531772996
1,62100,31928,31853,58,17,27.208865726933098
1,62200,31972,31903,58,11,27.2103877378303
1,62300,32019,31949,58,12,27.212432314000438
1,62400,32064,31998,58,8,27.2144196512282
1,62500,32113,32043,58,12,27.215210810473426
1,62600,32172,32096,58,18,27.216631355932204
1,62700,32228,32158,58,12,27.216089309036633
1,62800,32290,32214,58,18,27.215713664866207
1,62900,32334,32265,58,11,27.21648845498218
1,63000,32395,32316,58,21,27.213547468746132
1,63100,32446,32369,58,19,27.216101825821003
1,63200,32501,32424,58,19,27.217308166790033
1,63300,32562,32491,58,13,27.218768274291342
1,63400,32616,32542,58,16,27.221221805666524
1,63500,32668,32592,58,18,27.222109720176732
1,63600,32716,32645,58,13,27.223464542809005
1,63700,32771,32700,58,13,27.221620795107032
1,63800,32826,32761,58,7,27.222398583681816
1,63900,32869,32799,58,12,27.22186652032074
1,64000,32912,32842,58,12,27.221210644905913
1,64100,32977,32895,58,24,27.223347013223893
1,64200,33023,32952,58,13,27.22490288905074
1,64300,33073,33002,58,13,27.224804557299557
1,64400,33122,33051,58,13,27.2275876675441
1,64500,33181,33101,58,22,27.22935862964865
1,64600,33237,33164,58,15,27.233476058376553
1,64700,33292,33219,58,15,27.23540744754508
1,64800,33355,33281,58,16,27.235419608785794
1,64900,33400,33330,58,12,27.236753675367538
1,65000,33459,33383,58,18,27.237995386873557
1,65100,33500,33432,59,9,27.238992581957405
1,65200,33549,33471,59,19,27.238206208359475
1,65300,33590,33518,59,13,27.240646816635838
1,65400,33643,33567,59,17,27.242202162838502
1,65500,33694,33620,59,15,27.245300416418797
1,65600,33744,33673,59,12,27.245181599501084
1,65700,33800,33724,59,17,27.246085873561857
1,65800,33854,33779,59,16,27.248023920187098
1,65900,33909,33836,59,14,27.246808133349095
1,66000,33945,33877,59,9,27.24869380405585
1,66100,33993,33920,59,14,27.24929245283019
1,66200,34050,33975,59,16,27.252362030905076
1,66300,34103,34024,59,20,27.25502586409593
1,66400,34164,34087,59,18,27.257429518584797
1,66500,34223,34152,59,12,27.25702740688686
1,66600,34276,34197,59,20,27.25818054215282
1,66700,34318,34243,59,16,27.260637210524777
1,66800,34368,34294,59,15,27.259403977372134
1,66900,34432,34352,59,21,27.258325570563578
1,67000,34499,34426,60,13,27.258351246151165
1,67100,34552,34477,60,15,27.25767903239841
1,67200,34602,34525,60,17,27.257494569152787
1,67300,34663,34589,61,13,27.25771198936078
1,67400,34708,34630,61,17,27.25648281836558
1,67500,34764,34687,61,16,27.25646495805345
1,67600,34805,34734,61,10,27.257471065814475
1,67700,34871,34794,61,16,27.2544404207622
1,67800,34927,34845,61,21,27.254096714019227
1,67900,34983,34909,61,13,27.253716806554184
1,68000,35026,34953,61,12,27.253225760306698
1,68100,35089,35010,61,18,27.252156526706656
1,68200,35152,35073,62,17,27.250591623185926
1,68300,35209,35135,63,11,27.248868649494806
1,68400,35267,35178,63,26,27.247683211097844
1,68500,35336,35254,64,18,27.246723776025416
1,68600,35399,35319,64,16,27.246637787026813
1,68700,35449,35375,64,10,27.245257950530036
1,68800,35518,35436,64,18,27.242324190089175
1,68900,35581,35500,64,17,27.244253521126762
1,69000,35639,35562,64,13,27.242955964231484
1,69100,35700,35619,64,17,27.246469580841687
1,69200,35774,35687,64,23,27.244458766497605
1,69300,35840,35752,64,24,27.244349966435443
1,69400,35898,35820,64,14,27.24542155220547
1,69500,35954,35877,64,13,27.244557794687402
1,69600,36018,35939,64,15,27.24488716992682
1,69700,36070,35991,64,15,27.245366897279876
1,69800,36122,36044,65,13,27.245866163577848
1,69900,36190,36106,65,19,27.244723868609096
1,70000,36248,36167,65,16,27.24608068128404
1,70100,36304,36226,65,13,27.246121570142993
1,70200,36360,36280,65,15,27.24848401323043
1,70300,36412,36338,65,9,27.247702130001652
1,70400,36461,36388,65,8,27.247993844124437
1,70500,36527,36443,65,19,27.245149960211837
1,70600,36578,36499,66,13,27.245650565768926
1,70700,36623,36549,66,8,27.247393909546087
1,70800,36678,36596,66,16,27.246666302328123
1,70900,36708,36634,66,8,27.245728012229076
1,71000,36775,36690,67,18,27.244426274189152
1,71100,36816,36736,67,13,27.24657012195122
1,71200,36885,36800,67,18,27.24741847826087
1,71300,36941,36860,67,14,27.248399348887684
1,71400,37003,36921,67,15,27.24777227052355
1,71500,37072,36990,70,12,27.248148148148147
1,71600,37120,37036,70,14,27.246840911545522
1,71700,37174,37094,70,10,27.246347118132313
1,71800,37231,37150,70,11,27.246191117092867
1,71900,37289,37204,70,15,27.24900548328137
1,72000,37336,37250,70,16,27.250872483221478
1,72100,37390,37311,70,9,27.252499262951943
1,72200,37430,37348,70,12,27.253427225018743
1,72300,37481,37399,70,12,27.25375010027006
1,72400,37531,37443,70,18,27.256229468792565
1,72500,37582,37501,70,11,27.258126449961335
1,72600,37633,37551,71,11,27.26025938057575
1,72700,37687,37606,71,10,27.263069722916555
1,72800,37749,37662,71,16,27.265015134618448
1,72900,37813,37725,71,17,27.266666666666666
1,73000,37862,37779,71,12,27.269144233568912
1,73100,37902,37820,71,11,27.26811210999471
1,73200,37972,37872,71,29,27.268932192648922
1,73300,38031,37947,71,13,27.271958257569768
1,73400,38099,38006,71,22,27.273193706256908
1,73500,38161,38072,73,16,27.27269384324438
1,73600,38211,38123,74,14,27.27361435353986
1,73700,38287,38192,75,20,27.27366987850859
1,73800,38353,38254,75,24,27.275735870758613
1,73900,38413,38325,76,12,27.275877364644487
1,74000,38475,38379,76,20,27.27525469657886
1,74100,38518,38426,76,16,27.27575079373341
1,74200,38581,38489,77,15,27.27485775156538
1,74300,38626,38538,77,11,27.27588354351549
1,74400,38671,38586,77,8,27.27582542891204
1,74500,38726,38631,77,18,27.276668996401852
1,74600,38786,38689,77,20,27.27777921373
1,74700,38833,38741,77,15,27.279626235770888
1,74800,38876,38787,77,12,27.277979735478382
1,74900,38921,38833,77,11,27.277058172173152
1,75000,38965,38873,77,15,27.277133228719162
1,75100,39006,38916,77,13,27.276775619282557
1,75200,39046,38958,77,11,27.276733918578984
1,75300,39072,38984,77,11,27.277524112456394
1,75400,39114,39024,77,13,27.277188396883968
1,75500,39172,39076,77,19,27.27730576312826
1,75600,39222,39134,77,11,27.27748249603925
1,75700,39266,39179,77,10,27.278491028357028
1,75800,39320,39230,77,13,27.28083099668621
1,75900,39370,39276,77,17,27.28065485283634
1,76000,39404,39323,77,4,27.28240469953971
1,76100,39454,39360,77,17,27.28231707317073
1,76200,39496,39406,77,13,27.28201289143785
1,76300,39543,39450,77,16,27.280735107731306
1,76400,39587,39502,77,8,27.280568072502657
1,76500,39643,39556,77,10,27.28008393164122
1,76600,39697,39608,77,12,27.280044435467584
1,76700,39745,39651,77,17,27.280673879599505
1,76800,39794,39704,77,13,27.280198468668143
1,76900,39838,39743,77,18,27.280250610170345
1,77000,39876,39788,77,11,27.281517040313663
1,77100,39913,39824,77,12,27.281312776215348
1,77200,39946,39862,77,7,27.281395815563695
1,77300,40003,39908,77,18,27.282574922321338
1,77400,40053,39967,77,9,27.284584782445517
1,77500,40099,40011,77,11,27.28499662592787
1,77600,40157,40066,77,14,27.28617780661908
1,77700,40209,40122,77,10,27.28772244653806
1,77800,40259,40167,77,15,27.288395946921604
1,77900,40320,40226,77,17,27.289464525431313
1,78000,40376,40279,77,20,27.287618858462228
1,78100,40432,40341,77,14,27.2884658288094
1,78200,40493,40401,77,15,27.287641395014976
1,78300,40551,40456,79,16,27.289623294443345
1,78400,40613,40514,79,20,27.291282025966332
1,78500,40678,40580,80,18,27.2905372104485
1,78600,40732,40638,80,14,27.291402135931886
1,78700,40773,40680,80,13,27.290535889872174
1,78800,40833,40735,80,18,27.288646127408864
1,78900,40875,40785,80,10,27.289248498222385
1,79000,40935,40835,80,20,27.288233133341496
1,79100,41002,40906,80,16,27.290568620740235
1,79200,41051,40956,80,15,27.29101963082332
1,79300,41101,41006,80,15,27.29100619421548
1,79400,41158,41065,80,13,27.291976135395107
1,79500,41209,41121,80,8,27.29109214270081
1,79600,41259,41170,80,9,27.289871265484575
1,79700,41323,41228,80,15,27.288420490928495
1,79800,41354,41264,80,10,27.287296432725864
1,79900,41401,41311,80,10,27.28718743191886
1,80000,41453,41360,80,13,27.286629593810446
1,80100,41518,41420,80,18,27.284910671173346
1,80200,41570,41475,80,15,27.282435201928873
1,80300,41623,41527,80,16,27.282057456594504
1,80400,41673,41578,80,15,27.2815912261292
1,80500,41726,41626,81,19,27.28119444577908
1,80600,41776,41682,81,13,27.280432800729333
1,80700,41828,41729,81,18,27.278079992331474
1,80800,41878,41783,81,14,27.276141014288108
1,80900,41942,41847,81,14,27.275718689511795
1,81000,41995,41899,81,15,27.274779827680852
1,81100,42044,41950,81,13,27.27244338498212
1,81200,42092,41997,81,14,27.270519322808774
1,81300,42141,42049,81,11,27.26970914885015
1,81400,42186,42094,81,11,27.268161733263646
1,81500,42234,42137,81,16,27.267271044450247
1,81600,42282,42192,81,9,27.26611679939325
1,81700,42336,42241,81,14,27.26687341682252
1,81800,42391,42296,81,14,27.265509740873842
1,81900,42435,42345,81,9,27.266926437595938
1,82000,42489,42392,81,16,27.267173051519155
1,82100,42543,42448,81,14,27.265760459856764
1,82200,42587,42494,81,12,27.264531463265403
1,82300,42628,42539,81,8,27.263663931921297
1,82400,42664,42570,81,13,27.264129668780832
1,82500,42712,42614,82,16,27.2632468202938
1,82600,42766,42674,82,10,27.263345362515818
1,82700,42816,42715,82,19,27.262460493971673
1,82800,42880,42782,82,16,27.26197933710439
1,82900,42931,42839,82,10,27.261864189173416
1,83000,42991,42892,82,17,27.26237993098946
1,83100,43050,42957,82,11,27.26410131061294
1,83200,43111,43018,85,8,27.263517597284856
1,83300,43163,43068,85,10,27.262445435125848
1,83400,43224,43117,85,22,27.264141753832597
1,83500,43278,43178,85,15,27.264857103154384
1,83600,43336,43234,85,17,27.263265022898644
1,83700,43392,43290,85,17,27.264194964194964
1,83800,43460,43359,87,14,27.263797596808043
1,83900,43518,43407,87,24,27.26359803718294
1,84000,43568,43473,87,8,27.26282980240609
1,84100,43613,43515,87,11,27.264690336665517
1,84200,43659,43562,87,10,27.262981497635554
1,84300,43719,43617,88,14,27.263177201549855
1,84400,43767,43666,88,13,27.261920029313426
1,84500,43812,43711,88,13,27.261490242730662
1,84600,43856,43751,88,17,27.26179973029188
1,84700,43928,43820,88,20,27.261821086261982
1,84800,43986,43883,88,15,27.261581933778455
1,84900,44041,43947,88,6,27.261906387239176
1,85000,44102,43995,88,19,27.26223434481191
1,85100,44171,44064,88,19,27.262232207697895
1,85200,44237,44133,88,16,27.263159087304285
1,85300,44294,44185,88,21,27.264184678058164
1,85400,44349,44246,88,15,27.264182072955748
1,85500,44408,44305,88,15,27.266651619456045
1,85600,44468,44359,88,21,27.265740886854978
1,85700,44519,44419,88,12,27.267182962245887
1,85800,44568,44467,88,13,27.2681988890638
1,85900,44646,44537,89,20,27.268585670341515
1,86000,44704,44605,89,10,27.27014908642529
1,86100,44758,44654,89,15,27.271420253504726
1,86200,44829,44722,89,18,27.270448548812666
1,86300,44888,44783,89,16,27.27099569032892
1,86400,44933,44835,89,9,27.27054756328761
1,86500,44996,44888,89,19,27.271141507752628
1,86600,45049,44946,89,14,27.27065812308103
1,86700,45104,44993,89,22,27.27297579623497
1,86800,45158,45052,89,17,27.27193021397496
1,86900,45199,45104,89,6,27.27367860943597
1,87000,45250,45143,89,18,27.273530779965885
1,87100,45310,45206,90,14,27.275383798610804
1,87200,45359,45249,90,20,27.27578510022321
1,87300,45404,45303,90,11,27.27686908151778
1,87400,45460,45353,90,17,27.277401715432276
1,87500,45503,45402,90,11,27.27826967974979
1,87600,45555,45449,90,16,27.277365838632313
1,87700,45610,45504,90,16,27.278459036568215
1,87800,45644,45544,90,10,27.27913665905498
1,87900,45687,45588,90,9,27.279415635693603
1,88000,45717,45620,90,7,27.279482683033756
1,88100,45774,45663,90,21,27.278409215338456
1,88200,45812,45712,90,10,27.277782639131956
1,88300,45863,45760,90,13,27.277753496503497
1,88400,45908,45811,90,7,27.277116849664928
1,88500,45971,45859,90,22,27.277219302645065
1,88600,46003,45902,90,11,27.27939959043179
1,88700,46052,45951,90,11,27.279188701007595
1,88800,46101,46000,90,11,27.278978260869565
1,88900,46144,46046,90,8,27.27798288667854
1,89000,46193,46087,90,16,27.27745351183631
1,89100,46248,46146,90,12,27.27707710310753
1,89200,46301,46192,92,17,27.277450640803604
1,89300,46343,46244,93,6,27.276857538275237
1,89400,46389,46286,93,10,27.276671131659683
1,89500,46445,46336,93,16,27.275487741712706
1,89600,46491,46388,93,10,27.276019660256964
1,89700,46539,46435,93,11,27.27617099170884
1,89800,46592,46483,93,16,27.275283436955448
1,89900,46645,46539,93,13,27.275725735404713
1,90000,46700,46589,93,18,27.276867930198115
1,90100,46754,46648,93,13,27.277932601612072
1,90200,46805,46699,93,13,27.27698665924324
1,90300,46854,46751,93,10,27.278261427563045
1,90400,46906,46797,93,16,27.278628971942645
1,90500,46964,46852,93,19,27.279753265602324
1,90600,47021,46913,93,15,27.279496088504253
1,90700,47069,46960,93,16,27.280685689948893
1,90800,47112,47007,93,12,27.28276639649414
1,90900,47158,47053,93,12,27.283382568592863
1,91000,47210,47105,93,12,27.28247532109118
1,91100,47254,47151,93,10,27.282390617378212
1,91200,47297,47195,93,9,27.281809513719672
1,91300,47346,47238,93,15,27.281574156399508
1,91400,47393,47287,93,13,27.281218939666292
1,91500,47432,47333,93,6,27.282276635750957
1,91600,47480,47379,93,8,27.282023681377826
1,91700,47533,47421,93,19,27.282638493494442
1,91800,47580,47472,93,15,27.282819346140883
1,91900,47628,47522,93,13,27.283342451917008
1,92000,47679,47569,93,17,27.282726145178582
1,92100,47729,47620,93,16,27.282717345653086
1,92200,47770,47664,93,13,27.282771064115476
1,92300,47821,47716,93,12,27.2825048201861
1,92400,47883,47775,93,15,27.283307169021455
1,92500,47926,47824,93,9,27.283351455336234
1,92600,47968,47865,93,10,27.283150527525333
1,92700,48025,47910,93,22,27.282362763514925
1,92800,48082,47974,93,15,27.284237295201567
1,92900,48133,48025,93,15,27.285996876626758
1,93000,48183,48073,93,17,27.287978699061842
1,93100,48239,48130,93,16,27.287886972782047
1,93200,48292,48181,93,18,27.28824640418422
1,93300,48350,48245,93,12,27.288817494040835
1,93400,48405,48295,93,17,27.28986437519412
1,93500,48447,48343,93,11,27.288935316385
1,93600,48512,48397,93,22,27.28919147881067
1,93700,48559,48459,93,7,27.290369178068058
1,93800,48610,48499,93,18,27.2905833109961
1,93900,48659,48556,93,10,27.291024796111707
1,94000,48709,48599,93,17,27.290067696866192
1,94100,48753,48646,93,14,27.29040414422563
1,94200,48817,48708,93,16,27.292970353945964
1,94300,48860,48757,93,10,27.292922041963205
1,94400,48909,48805,93,11,27.292715910255097
1,94500,48956,48850,93,13,27.292773797338793
1,94600,48999,48896,93,10,27.293807264397905
1,94700,49051,48944,93,14,27.293907322654462
1,94800,49107,48999,93,15,27.296189718157514
1,94900,49164,49052,93,19,27.29807143439615
1,95000,49226,49115,93,18,27.299093963147715
1,95100,49286,49180,93,13,27.300549003660024
1,95200,49347,49241,93,13,27.30080623870352
1,95300,49398,49295,93,10,27.302322750786082
1,95400,49453,49346,93,14,27.3030640781421
1,95500,49519,49406,95,18,27.303363963891027
1,95600,49573,49462,95,16,27.30397072500101
1,95700,49621,49516,95,10,27.30535584457549
1,95800,49672,49565,95,12,27.304953091899527
1,95900,49735,49626,95,14,27.304558094547215
1,96000,49801,49679,95,27,27.30554157692385
1,96100,49864,49747,95,22,27.305907893943353
1,96200,49936,49824,95,17,27.306880218368658
1,96300,49997,49883,95,19,27.30695828238077
1,96400,50051,49937,95,19,27.307807837875725
1,96500,50127,50009,95,23,27.309164350416925
1,96600,50181,50065,95,21,27.310496354738838
1,96700,50242,50130,95,17,27.311210851785358
1,96800,50306,50190,95,21,27.310779039649333
1,96900,50361,50247,95,19,27.31044639480964
1,97000,50415,50310,95,10,27.310594315245478
1,97100,50482,50369,95,18,27.310349619805834
1,97200,50540,50437,95,8,27.310902710311876
1,97300,50597,50486,95,16,27.31111595293745
1,97400,50650,50535,95,20,27.310121697833186
1,97500,50696,50592,95,9,27.310701296647693
1,97600,50740,50635,95,10,27.311168164313223
1,97700,50790,50682,95,13,27.31206345448088
1,97800,50827,50720,95,12,27.313406940063093
1,97900,50872,50765,95,12,27.314192849404115
1,98000,50918,50812,95,11,27.315260174761868
1,98100,50959,50849,95,15,27.315915750555565
1,98200,51005,50899,95,11,27.31672527947504
1,98300,51050,50942,95,13,27.31820501747085
1,98400,51092,50980,95,17,27.31908591604551
1,98500,51136,51027,95,14,27.32065377153272
1,98600,51190,51075,95,20,27.32064610866373
1,98700,51243,51128,95,20,27.32131121890158
1,98800,51279,51173,95,11,27.32132179078811
1,98900,51314,51206,95,13,27.320899894543608
1,99000,51354,51246,95,13,27.32055184794911
1,99100,51403,51289,95,19,27.32065355144378
1,99200,51436,51335,95,6,27.32097009837343
1,99300,51481,51375,95,11,27.319980535279804
1,99400,51515,51407,95,13,27.319061606396016
1,99500,51556,51449,95,12,27.31977297906665
1,99600,51592,51489,95,8,27.319602245139738
1,99700,51637,51532,95,10,27.318675774276176
1,99800,51672,51565,95,12,27.31897604964608
1,99900,51712,51607,95,10,27.317573197434456
